Barcode,TSNE-1,TSNE-2
AAACAAGTATCTCCCA-1,-16.750839981108445,18.79675013226199
AAACCGGGTAGGTACC-1,6.260139100267255,0.4375563996819211
AAACCGTTCGTCCAGG-1,25.944286049018462,-0.09005611571355693
AAACGAGACGGTTGAT-1,25.898177809418964,-11.25396535659731
AAACTGCTGGCTCCAA-1,-5.6406991646214655,-18.995685363057785
AAACTTGCAAACGTAT-1,-15.333027647674689,13.015977875394032
AAAGGCTCTCGCGCCG-1,2.4015003100269148,-9.51346592135956
AAAGTAGCATTGCTCA-1,-20.28543578712919,1.0151870248359114
AAAGTGTGATTTATCT-1,-10.176624521452185,-3.999759143913422
AAAGTTGACTCCCGTA-1,-12.921567202484995,-13.597460328611156
AAATACCTATAAGCAT-1,-0.05592669921344338,-13.83318910104199
AAATAGGGTGCTATTG-1,24.661585229505963,-1.4019296418763219
AAATCGTGTACCACAA-1,-6.934623180591796,-17.172128772534247
AAATGGTCAATGTGCC-1,2.5914394372611365,-9.633708534053266
AAATTAACGGGTAGCT-1,-20.28465323886842,9.681436221477792
AAATTGATAGTCCTTT-1,-20.55718130780514,5.639034499622136
AAATTTGCGGGTGTGG-1,1.6891709043247318,16.576429703108165
AACACACGCTCGCCGC-1,-12.494779753685995,-13.270291018728736
AACACGAGACGCGGCC-1,-13.830045357220156,-3.779149547585245
AACCAAGACTTCTCTG-1,-9.89364689757097,-1.8612710326347222
AACCCTACTGTCAATA-1,-11.660237208440325,-3.9322195140104683
AACCGCTAAGGGATGC-1,-6.822694923933619,-18.997206624450698
AACCTTTAAATACGGT-1,-26.475413044931862,9.634465648955162
AACGATAATGCCGTAG-1,-1.9801520895491471,-3.880632682018649
AACGCTGTTGCTGAAA-1,-18.546652884720803,-8.41896271628751
AACGGACGTACGTATA-1,-10.341273470953713,-4.025080064394236
AACGGCCATCTCCGGT-1,16.97746555471872,6.270638614904147
AACGTACTGTGGGTAC-1,28.78129705510247,-0.05273695142166053
AACGTGCGAAAGTCTC-1,16.287944378219034,-22.61722567473982
AACTAGGCTTGGGTGT-1,-25.456193240759667,10.129752536897444
AACTCAAGTTAATTGC-1,22.357807760021743,-19.413039904584668
AACTCTCAATAGAGCG-1,-7.16639672771776,-18.45267211753876
AACTCTCAGTGTGCTC-1,17.745978450889154,6.263717902151445
AAGACCCAACTGAACA-1,-23.141873486465116,1.91504857555917
AAGACTGCAAGCTACT-1,22.565094089837046,-0.7404831850242022
AAGAGCTCTTTATCGG-1,23.25983576510664,-19.637207835692834
AAGAGGATGTACGCGA-1,10.997264234132771,5.108990375101171
AAGAGGCATGGATCGC-1,25.1243370897792,-15.633309918411756
AAGATGGCACCGGACC-1,-8.117381527837328,-18.21611903488538
AAGCACCCTGCGTATC-1,-30.904543317199824,10.156107122072262
AAGCATACTCTCCTGA-1,-23.143310035839335,1.777487859299306
AAGCGTCCCTCATCGA-1,-9.033863507139838,-14.507648549096729
AAGCTAGATCGAGTAA-1,-12.343083759075457,-14.16876079651186
AAGCTCGTGCCAAGTC-1,22.322201479829474,-18.943733492208047
AAGCTCTTTCATGGTG-1,-2.038962585126324,15.592126709745141
AAGGCTGTGCTCATCG-1,1.131756431331401,12.044013975706331
AAGGTGATAAACCAGC-1,-2.4856632414102764,-17.148858515835077
AAGTAGTGACGCGAGG-1,-7.621353101129562,-18.44375095389681
AAGTCAATTGTCGTCA-1,-16.77781398238216,13.72071658863898
AAGTGACGACCGAATT-1,2.528788897346791,19.610436985722338
AAGTGCGTTAGAATCT-1,-8.848647686582359,-12.317201639461796
AAGTGTTTGGAGACGG-1,22.619394329720787,-5.599412208459451
AAGTTCACTCCAAGCT-1,0.45192066545579246,20.31955184443775
AAGTTCGGCCAACAGG-1,7.024566589493549,12.897678337710415
AATAACAACGCTCGGC-1,7.2899459665834145,13.008692637198997
AATAACACTAGAACAA-1,-0.22382051048957663,18.250818613316618
AATAGAACAGAGTGGC-1,18.526986663260065,-16.862390270250774
AATAGAATCTGTTTCA-1,10.418975392308571,11.056091300337732
AATAGTCCGTCCCGAC-1,-14.500257607544526,3.659767598688234
AATATTGGAGTATTGA-1,-15.379830134072673,12.977737384456832
AATCATGTAAAGACTC-1,-15.224984303111343,13.829859124006948
AATCGCCTCAGCGCCA-1,16.44815357715878,-22.38808312777436
AATCTGCGTTGGGACG-1,-14.225491979269922,-4.14471549728101
AATGACAGCAATGTCT-1,0.09721478991863841,-12.858949985829366
AATGACGTAGGATGTC-1,14.837666193862475,-23.780350360399616
AATGTGCCCGAGGTGT-1,-21.604744044922132,14.228027220237031
AATTAAAGGTCGGCGT-1,9.40862171686118,15.94143871641576
AATTAACGGATTTCCA-1,-29.58759153091561,11.595001453163388
AATTAGCGCTGCAGCG-1,-21.84271463528505,13.633298756932811
AATTCTAGAGTTAGGC-1,-24.241042290335447,12.393231297250127
AATTGAACGCTCTGGT-1,19.088008707475378,4.930409527367625
ACAAATCGCACCGAAT-1,21.44982531212148,-13.871989075908306
ACAAATGGTAGTGTTT-1,20.053307461308723,4.524571578674489
ACAACAGCATGAGCTA-1,22.64182755112889,-0.432762123945482
ACAAGGAAATCCGCCC-1,23.79049823070106,-1.248661460097688
ACAAGGGCAGGCTCTG-1,24.093920992071563,-18.837753861468634
ACAATAGTCGTACGTT-1,-20.22126395219718,5.488132149686414
ACAATCCATTTAAACC-1,9.80932229459873,5.185999570744821
ACAATGAATACGGAGA-1,-19.055710112739582,7.3618258592669354
ACAATTGTGTCTCTTT-1,-25.59665318789064,3.4753346916597505
ACACACCAGGACCAGT-1,3.5923187337258233,12.401736623191013
ACACGAGACTCCTTCT-1,9.398967572434465,10.231157054869904
ACACTGATCAAGGTGT-1,19.733760593415145,-14.267520724458397
ACAGAACTGAGAACAA-1,-18.06002481017519,9.041560071036104
ACAGGCTTGCCCGACT-1,6.657629345788904,3.8592057911559867
ACAGGTGGAGGTGAGG-1,4.429668282440583,19.88144197249757
ACATCCCGGCCATACG-1,-8.067663224047717,-17.066225501161032
ACATCCTGGTAACTGT-1,-20.75017294312365,12.735977392223589
ACATCGATCGTTTACC-1,-16.609324503664904,1.431170208499555
ACATCGGTCAGCCGCG-1,24.50270392763536,-14.186126806600853
ACATCGTATGCAATGG-1,24.70638438192904,-7.541809283860037
ACATTAGTTTATATCC-1,-27.234168554521855,8.260474220876095
ACCAACGCTTATTTAT-1,19.76956193864394,-6.43372054334718
ACCAATATGCAAGTTA-1,2.590948831159791,-10.17314759263016
ACCACAAGTTTCTATC-1,-16.900067625885182,19.961009882914926
ACCACGTGCAGCTATA-1,21.06733589430899,-7.472983742714801
ACCAGTGCGGGAGACG-1,-25.22322510575922,0.4178980522375988
ACCATATCCGCAATAA-1,-18.9395636551493,-8.679163626843371
ACCATCGTATATGGTA-1,14.588537571982766,-24.616519708673557
ACCCAACGCCCGTGGC-1,-16.106282027303266,-4.7856802311502085
ACCCATCTTGAGGGTA-1,24.0934837528086,-18.786444323983304
ACCCGGAAACTCCCAG-1,-29.899251055210215,12.382310985225564
ACCCGGATGACGCATC-1,-16.35344926467601,8.016932486212552
ACCCGGTTACACTTCC-1,18.72068704378872,6.609027115265913
ACCCGTGTCATCAGTA-1,-8.5210654439776,-17.196695503248385
ACCCTATGCCATATCG-1,8.921263637872231,11.05409449494315
ACCCTCCCTTGCTATT-1,23.334670091244206,1.1981348452968599
ACCGATGGTAGCATCG-1,5.089352722965603,-1.9990761579421488
ACCGCAATAACTGCCT-1,22.8283873985568,-11.70103138504465
ACCGGGCCTTTGTTGA-1,-25.09347491072835,1.8653113340058154
ACCTAAGTACCTTTCA-1,-8.410003345867754,-16.40894578655647
ACCTAATCGACTTCCT-1,-16.72334388778702,-4.050050787726284
ACGATGCATATGTTAT-1,17.98245001786864,-21.44805532751138
ACGCATTCGTGAGTAC-1,-12.201320777440948,0.4832316445357983
ACGCCGCTAGACGACC-1,7.428115039113356,1.772167093137059
ACGCGAAGTCAGACGA-1,-12.557910219531461,-5.065745714349672
ACGCGCTACACAGGGT-1,27.062687726868106,-0.39769787460761186
ACGCGGGCCAAGGACA-1,-3.328443561622654,-18.616308644730243
ACGGATGGTGCGGATA-1,-2.671840705133895,-16.885570311940405
ACGGCACTTGCTTGGG-1,-19.756671963761963,4.975472515667822
ACGGCCAACATGGACT-1,-0.2289890632603419,17.093945836831182
ACGGCGACGATGGGAA-1,21.08912385247011,-13.450003400531243
ACGGGAGTGTCGGCCC-1,-9.751135887435085,-4.519429523474698
ACGTAGATTGCTGATG-1,11.00431311446811,3.9604270293675956
ACGTATTACTCCGATC-1,-15.138547179111638,-3.360466856248749
ACGTTAATGTCGAAGA-1,10.838190506943217,14.460255679967485
ACGTTAGATTTGCCCG-1,14.600804798702264,-22.770348030520513
ACGTTCGTTCAGGAAA-1,-4.9312791945283525,-8.521911289645754
ACTACGCGTTAGAATT-1,-27.582474784491815,11.735935649911651
ACTATTTCCGGGCCCA-1,-4.354048160313155,-5.292630847715135
ACTCCCTAATGCTAAA-1,-28.369586929962765,11.339090798115434
ACTCCCTAGAATAGTA-1,0.21515526841553356,11.874799280717438
ACTCGTAACCCGTCCT-1,-20.764978797464167,2.5992503623806176
ACTCGTCAGTAATCCC-1,19.13469850215061,-19.413385541493124
ACTCTCTGACTTAGGT-1,13.81514104972566,-24.33454541956376
ACTCTTGTATAGTAAC-1,25.003178946766173,-11.34859616278126
ACTGAATGGCGAAAGT-1,28.399825935089098,-3.4761921680458503
ACTGTACGATACACAT-1,-7.021869749639691,-16.088119709829005
ACTGTCCAGGATTATA-1,-10.790760752365586,-8.877397809116674
ACTGTCTTCTTTAGAA-1,-21.274719874636197,15.15576051632896
ACTTACGCATCCACGC-1,-22.882992079887885,-2.5209209542927855
ACTTATACTTACCCGG-1,3.092879467406938,19.859849367591067
ACTTATTAGGATCGGT-1,-4.725663374690321,15.970946161546387
ACTTATTTATGTGCCA-1,-9.73747288325609,-3.6476348210081286
ACTTCAGGCTGATCCC-1,20.25208634778209,-14.250493043985367
ACTTGACTCCCTCTTT-1,14.9985025321718,5.4854465145824545
ACTTGGGACCCGGTGG-1,-17.04467734155374,20.1673061103259
AGAAGAGCGCCGTTCC-1,-13.626056438168627,12.527745896413757
AGAAGGTTGCCGAATT-1,17.624133277623976,-20.840784199090884
AGAAGTGATTCGTGAT-1,-5.649117400430541,-12.644713376724537
AGACCCACCGCTGATC-1,-24.08392290067904,10.546834423003379
AGACGAAGTGCCGGTC-1,-25.417010326275463,2.0737291061273924
AGACGACGATGCCGCT-1,-10.67673794205712,-1.710001949668361
AGAGAAGGAGTACAAT-1,-18.93043341655885,5.54324577515891
AGAGGCTTCGGAAACC-1,-15.732523645670069,14.846013101220635
AGATAACTTCAGGGCC-1,23.16656185125982,3.229503416076254
AGATACCGGTGTTCAC-1,22.11842779741719,-20.337211900561424
AGATACTCAAGATCGA-1,22.7600786027225,-9.973039914660248
AGATCTCAGGTGTGAT-1,-13.472645967889445,4.866758753819265
AGATTATAGGACGTTT-1,-5.173404349443495,-18.569951986882938
AGCAAAGGCCGCTAGT-1,-32.25390926129859,10.655203021762933
AGCAACATATCTTATT-1,-4.640153497738925,-19.38759780731784
AGCACTACCTCACCAG-1,27.43543998276768,-4.6334325080451055
AGCACTTAAGGACGCC-1,-0.6566937055702639,-16.041727874477328
AGCAGCCAGATGAATA-1,-22.424259286016962,1.7764612618433393
AGCATATCAATATGCT-1,-22.38573709693384,-2.330526509641045
AGCCCATACATGTAAG-1,1.6191978221391479,17.831612610418635
AGCCCGGTAGCCTGTA-1,-22.67261613477627,-2.34446139488152
AGCCGTGGCTAAATGT-1,-18.32044931318724,8.131890570058257
AGCGACAGGAACGGTC-1,-0.4642598070462751,20.922690155383908
AGCGCATAATGAATCG-1,-9.531989166723452,-13.297197572103874
AGCGTGGTATTCTACT-1,8.838357846866367,12.978463111824404
AGCTCCTTCGCACATC-1,24.210910946682368,1.3566470182430377
AGCTCTAGACGTTCCA-1,13.233260502657252,-24.706083687656463
AGCTCTTTACTCAGTT-1,24.209254024205286,-12.83732790531124
AGCTGTAACCTCAATC-1,-20.594510656761063,5.323210426987652
AGCTTGATCTTAACTT-1,-2.953517648636856,-14.616433880742413
AGGACAGTCGAATCCC-1,9.695496786281936,4.441681163191942
AGGACGACCCATTAGA-1,24.795783813361236,-13.324341278772565
AGGAGGCCTTCGCGCG-1,-23.761437815648506,4.547468502601376
AGGATAAAGTCGGGAT-1,-25.927569781461536,10.620614487099072
AGGATATAGGGATTTA-1,-15.41232979902675,0.24756459676263934
AGGCAGGGAGCGTACT-1,-1.7402399049044663,15.422570937040286
AGGCATTGTCGTAGGG-1,-26.181685861404866,2.8666347869580733
AGGCCCTAGAACGCCA-1,0.07264691876762054,-11.146131636714301
AGGCTTCCCGAAGAAG-1,24.95817763796719,0.6215087754793858
AGGGACTCTACGCGAC-1,2.1585860810754203,22.555443556056293
AGGGCGAGCAGCTGAT-1,-21.068813148194696,0.4986006535118274
AGGGCTGCAGTTACAG-1,7.889295591097572,17.62125894136606
AGGGTCGATGCGAACT-1,-9.502930021882177,-5.140873376934301
AGGGTGCTCTCGAGGG-1,-6.769818755719746,-18.747110596301283
AGGGTTCCCTTTGGTT-1,-16.756477482923135,19.280342951321764
AGGGTTTAGTTCGGGA-1,0.6150023719722654,-8.084286929214262
AGGTAGGTACAAAGCT-1,4.656923000134711,17.717426672264423
AGGTCAGGTGAGAGTG-1,-16.69090217189324,7.53768176389107
AGGTTTCACACACCTT-1,4.4701438472597355,13.584506374491681
AGTACTCTTATGCCCA-1,3.7337742361195865,21.104123734213307
AGTATTTGGCACGACC-1,2.838802923761703,-10.988959400714377
AGTCAACACCACCATC-1,29.728580093676904,-4.033700829017472
AGTCAAGATGACACTT-1,-4.893040599799829,-9.39397762599546
AGTCCATTGGCTGATG-1,-24.959916794005895,3.930939276717192
AGTCGACGGTCTCAAG-1,8.90354779806283,10.692383279250253
AGTCGGCTCAACTTTA-1,-12.64356436953993,-3.7725993406670435
AGTCGTCGACCACCAA-1,-11.508868223972634,4.273130403912072
AGTCGTGGGCATTACG-1,-11.039004279608921,2.123133462098883
AGTCTCACAAGACTAC-1,-19.98504836305328,4.850556951891116
AGTGAACAAACTTCTC-1,-16.656793907194754,13.441072881105434
AGTGACCTACTTTACG-1,8.622348810792687,16.713924654526828
AGTGAGACTTCCAGTA-1,6.508901920763818,4.571214622152335
AGTGATATGAGTAGTT-1,25.983023475094928,1.5644226952207627
AGTGATTCAAGCAGGA-1,1.419355271819095,20.179633395758014
AGTGCACGCTTAAGAA-1,-23.494849926121418,-1.2075015681411683
AGTGCGTAGCTCGTAA-1,19.2861985196022,-8.946759684893069
AGTGCTTGCACGAATA-1,0.5744033807617411,18.162021921415448
AGTTAAACACTTGCGA-1,20.196769544575847,-17.85528418412439
AGTTAAGTCAACCGCT-1,-20.941513315540032,5.127742941855118
AGTTCCTACAGAATTA-1,-17.983538268621334,6.97562714776968
AGTTCCTATTTATGTT-1,-7.499614887400369,-17.70821099547954
AGTTTGCACCTGCCTC-1,-29.765063500091994,10.419511064163498
AGTTTGGCACGGGTTG-1,-16.46695488786142,15.286151916046485
AGTTTGGCCAGACCTA-1,0.13836951620778182,13.898960355136216
ATAAACGGACCCGTAA-1,-19.693492250658483,-5.413408662981054
ATAAAGGCTCGGTCGT-1,9.290478836158144,14.449348095290672
ATAAATATTAGCAGCT-1,5.03012509721962,19.52353677117616
ATAACGCCGGAGGGTC-1,25.246233330953924,-10.971364690322627
ATAAGGTGGAGAACAT-1,-0.2564467957332966,18.9850307979118
ATAAGTTACCGCGACG-1,11.495641596723306,9.304320960870461
ATAATAGCTGTTGAAT-1,-21.310507818856347,10.694238450640473
ATACAGGCCCTCCAAT-1,-14.232299196149802,-2.514702553878876
ATACCACGGGCAACTT-1,4.871181314338506,12.360628811454047
ATACCTAACCAAGAAA-1,-29.66575318881518,12.63630238694448
ATACGCCGGCGAAACC-1,14.566265160138464,-24.827737118370575
ATACGTACTTAGCCAC-1,-1.339063238708127,12.519442275951175
ATACGTCCACTCCTGT-1,-12.847752171159417,-2.7662612136255476
ATACTGCCTTACACCG-1,-23.174475545535724,-2.1492009994925905
ATAGACGAAGAGAAAG-1,27.565929927863714,-1.9373926125455654
ATAGGCGGCTATAGAA-1,20.41465611495571,3.7563101689054665
ATAGTGAAGCGTTCTC-1,-14.43435353677987,-10.119574523329032
ATATAAAGCGCTCGTG-1,-29.08952511630456,12.478402492789545
ATATAAATGTAGCTGC-1,-1.3700408983454142,12.195297694668703
ATATCTTAGGGCCTTC-1,-9.445288098188511,-10.732453947270388
ATATGTCTCCCTAGCC-1,-20.345405447745033,2.215642941525937
ATATTCAGTTAAACCT-1,22.33659590581965,-6.731652206325114
ATATTCCACATAGTGA-1,24.382161537466338,-4.236955590148527
ATATTTAACCCTCAAG-1,-21.09126160993941,14.287132997207069
ATCAAACGAAGGTTTG-1,1.1254976270417063,-8.698108270246726
ATCAATCTGGGCTGCA-1,-3.6723184789127177,21.13109713564265
ATCACGTGCTAATTAA-1,5.866560940659019,0.36425787179058094
ATCAGACGGCACGCCG-1,19.4293419094941,-17.639050208472575
ATCAGCCTCATGCTGC-1,-0.6319555280153112,-9.055442255221696
ATCATCCAATATTTGT-1,-17.742528243423692,4.69941164649592
ATCCAATGGAGGGTCC-1,6.634142262441111,10.904393691098663
ATCCAGAGCAACAACC-1,20.1704103724486,5.380414105981125
ATCCAGGATTCGTGAA-1,28.673335015143046,-7.377407400753429
ATCCTACCTAAGCTCT-1,24.343081597239394,-2.172257577368363
ATCCTGAATCGCTGCG-1,0.17574654122988057,13.158944644912225
ATCCTGCGTGGAATGG-1,21.52877798892656,-6.988773231194727
ATCGACCCAATACAGA-1,-16.690542723095447,-7.9110994882006676
ATCGGAGACAGACGGC-1,13.253735696485053,5.9222447410811245
ATCTAATATCCTACGG-1,-27.61603923910574,11.417990869051623
ATGACGCGTTCTATCC-1,-12.711920847947214,-1.6223574259195466
ATGACTATGCGACATT-1,-0.46686106829818846,20.65163514900078
ATGATGCAATGGTACA-1,13.01402198007737,6.8410040262436995
ATGCCATTTGCGACCA-1,1.3922713077019302,-13.973739150278126
ATGCCGGTCTTGCATA-1,7.296945881334176,14.899330613976291
ATGCGACAGTCCCATT-1,22.400370203064412,-17.584470073960343
ATGCGAGTCCCACCAC-1,-16.766828695390604,18.6720513253385
ATGCTCTGGCGCGGTA-1,-31.74141473387114,11.073376994195312
ATGGAGCAGGCCGTGA-1,11.330232294161378,9.204772332725927
ATGGGCCTCGGCCTCT-1,-0.30367277566313733,-8.789881258432162
ATGGTCGCGTGGTTTC-1,12.38873767717024,8.404293377198703
ATGTGAAAGCCTAATG-1,-13.146984408476763,-3.518225358739211
ATGTGGACATCTTGAT-1,4.79711970148608,18.35117288528878
ATTAAACATGCGGACC-1,-13.748217693304111,-9.08115016411939
ATTACGCGCTGGCAGG-1,23.78213392977663,3.74413556615959
ATTAGGCGATGCTTTC-1,21.492160619514948,-11.673921220272085
ATTATTATGTCCGTCA-1,-18.11926006049963,-3.802621238592338
ATTCACTGATGTTGGA-1,-26.900916651467696,11.979054244542633
ATTCATATACTGTCCA-1,-18.511952002653906,0.4115845335859983
ATTCGACGCCGGGCCT-1,1.492171180356939,-12.370920734616966
ATTGAAGATCTTAGTG-1,-2.945174099924895,-9.921084851683528
ATTGCGATCAGTAACT-1,-18.092273865523705,12.233770664888759
ATTGCTGCTCCTCCAT-1,20.35820317757236,-15.181280463114415
ATTTACAGTTTACTGG-1,-2.8558921065751495,-5.3808133545797325
ATTTCCGGGTTCTGCG-1,-9.164627354347846,-10.575324881051854
ATTTGCGCGAGTAGCT-1,-12.714800928497393,-1.7121406848184093
ATTTGTCTTGGGAGCT-1,25.702837763967196,-0.6605855903798583
CAAACGAGTATCGCAG-1,19.849355554631668,-18.25609561562607
CAAACGGTCGCACTTT-1,-2.2381559326291067,-5.6033311410077875
CAAAGATTATTGGGCC-1,-22.02191812311783,5.856851766250524
CAAATCTCTCACAAGG-1,0.7067345672445664,-13.700341698385346
CAAATGTCCTTCCGTG-1,9.158777480974098,16.09418970896451
CAACTGCTCATCCGAT-1,-13.454426418548152,-1.5264576796268428
CAAGAGGGCGGAGTAC-1,27.732952018648817,-3.0388284634534415
CAAGATATTATAACGT-1,-1.0614278396908083,16.78827132339304
CAAGCAACGTCGGAGT-1,7.949784976219383,1.1164467009833086
CAAGCGGCACATAATT-1,-5.359485021676044,-19.365531129673663
CAAGGATCGCATGTTC-1,9.062135885703253,16.17181033566329
CAAGTGTGGTTGCAAA-1,-4.957497070521801,-12.751060219286158
CAATATTCTTGACCTA-1,7.114480128526571,0.8395233048750192
CAATGCGAGAAGTATC-1,25.45479763424274,1.4956465290966905
CAATTTCGTATAAGGG-1,-0.5389774260764234,-13.77606382008391
CACAATGAGCTGCTAT-1,10.645734562752379,14.885268444970727
CACACGCGCTGTCTTA-1,0.21824019338987005,13.227766283203607
CACATATTAGCAGGAT-1,11.98150336649855,4.060182850745728
CACATCGTGCACGCGC-1,-18.902103194883555,8.298104312162826
CACATCTCACCGACGA-1,-9.08530068085157,-8.500259853651496
CACATGATTCAGCAAC-1,-0.5972467790052643,-15.315398631637997
CACCCGGTTTGTGACT-1,-0.1637007086953703,17.864528342262112
CACCCTAACAAGATCT-1,-1.4951745121305662,13.838198922832234
CACCGTTAGGGATCAC-1,-1.4622038344588544,15.520618923035022
CACCGTTGCGCGATAT-1,-6.228769069850517,-11.840926189360141
CACCTTGGCGCCTTTG-1,-16.707821873449713,18.365829710928754
CACGAAAGTTAGTCCC-1,-14.579511703958698,-5.746429268623256
CACGCAGCGAGGCTTT-1,9.822522064034944,10.816391524642416
CACGCGGAACTGTTGC-1,-24.17106504816135,0.7861495611342201
CACGTCGGCAACCTCT-1,1.3851889865892644,17.698830267226
CACGTTCGTGCTCTAG-1,19.3210756552113,-18.379545688550586
CACGTTTCGTACACAC-1,-9.97278390691102,-12.950950551318686
CACTAAAGTTGCCTAT-1,9.682348924735356,16.495267968408935
CACTCAAGAGCTATGG-1,-19.240652614480872,-6.1353539440087355
CACTCCTATGTAAGAT-1,0.44199502109915295,-14.473026381257213
CACTCGAGCTGAACAA-1,23.246497540825324,3.411190092273722
CACTTAATCAGACGGA-1,9.975564885788522,3.384969207760673
CAGAACTTAGCCCTCT-1,23.18898815192803,1.2036346348410014
CAGACACCGATCGCTG-1,25.448538521607425,1.7672500818000523
CAGACGAACCTGATAC-1,30.41731163244121,-6.081934131838282
CAGAGACGGTCACCCA-1,-4.457380873414834,-8.77239449630703
CAGAGGCGATGCATGA-1,22.772059666191048,-7.890394563638285
CAGCAGTCCAGACTAT-1,-24.2394358418492,11.098725143410697
CAGCGATTCCCTTCAA-1,23.481249385330656,-4.10267944762084
CAGCTCACTGAGACAT-1,-20.76738610911832,12.394874056351787
CAGCTGGCGTAACCGT-1,-22.01489070420754,0.8034809767534428
CAGGATATATCGTTGT-1,-19.69370210129567,-5.811869015073151
CAGGCCGTTTGGGTGT-1,21.8923538581926,-18.518571068850605
CAGGCGCACGGTGGTC-1,-21.38602484148645,10.12221029527619
CAGGCGCCATGCTAGG-1,7.013303559840019,-0.036023087073807046
CAGTCTGTATACTGGG-1,-3.1933476061690698,-18.96098211514783
CAGTGTCGGCTGGCCC-1,-8.160225267568958,-16.694674578555237
CATAACGGACAGTCGT-1,-2.642020224469423,-17.581121024788555
CATAAGAAGCTTGGCT-1,-29.45029448955226,10.626918987930571
CATACACGGTTCCCAC-1,-28.879205539952782,12.343962235184451
CATACCCGTACCCAGT-1,12.477260386675882,5.753586780126818
CATACGGCGTCTGGGC-1,-12.703772472140743,-12.094097913854364
CATACTATGTAATTGT-1,21.430173154440503,2.365146253243202
CATAGCGTTGCCCACC-1,23.956163436202207,1.330667212694627
CATAGTCCACAAGAAC-1,6.4809479941111725,12.70125608189476
CATATAGGTACAGTCA-1,-6.093206304763355,-17.774955115622273
CATATGTCAGGCTACG-1,-11.607422410871642,-1.9272127661357108
CATCATTACCCTGAGG-1,-12.530425041836368,-13.361959038169683
CATCCTCTCAAAGATC-1,-10.896304405583107,-10.097209120961885
CATCGGACGGGTTAAT-1,-14.398176333999748,-9.43593281276444
CATCTTACACCACCTC-1,-16.72710169661051,7.849967668737805
CATGAGATGCACTCTC-1,-29.37535025468289,7.560274566977312
CATGATGGAAGTTAGC-1,-16.628543001384823,18.857622248284713
CATGCCAACTCGCAAA-1,-12.45599415497693,-6.96435788074077
CATGGGTATGCCTTAT-1,-3.4624069980016947,22.391471715282545
CATGGTAAGTAGCGTT-1,20.857769239503106,4.9512802396752695
CATGTAAGAGACATTT-1,2.122765296297622,13.391620627166532
CATGTCTCATTTATGG-1,19.213675933885664,2.6606744672984672
CATTTGAGTGGTACGT-1,19.51170215900328,-13.073308144543578
CCAACGATGCACTGAT-1,-3.633829690964606,19.913240061106094
CCAAGAAAGTGGGCGA-1,15.357782389389513,5.856864589479933
CCAAGCGTAACTCGTA-1,26.495517442433886,-10.417061438205705
CCAATAGTGCCGTCGA-1,23.51245692777504,-13.352036862768335
CCAATGTCACAGCAAG-1,12.137988836569225,5.014542751648492
CCACAATGTACGTCTT-1,-17.043586317181386,20.20228312255677
CCACACTGAGATATTA-1,7.403513963290603,1.8449537427748197
CCACAGTACCCATCCT-1,-12.04158022405308,-2.0356966312274007
CCACCAACTTTACTGT-1,7.291549902195864,0.8464792862242703
CCACCCAAGGAAAGTG-1,13.99811305661422,-23.552369690360948
CCACGGAGCCATAAGA-1,-9.4574058477921,-3.138977093463934
CCACTGGTGGCTGGTT-1,-17.221480726378466,5.833165493499568
CCAGAAAGCAACTCAT-1,-1.8170683750581786,-4.1517954636540795
CCAGCCTGGACCAATA-1,7.780095840320262,15.866775951672741
CCAGCTGATGGTACTT-1,-15.70226023544139,12.099440392822737
CCAGTCTTGTCATAGA-1,-27.79006579914538,10.7597743220306
CCATCGCAGTTAAACT-1,-21.782652393375198,12.774500824604079
CCATCTCACCAGTGAA-1,-17.25102606626731,-8.933287002887047
CCATGCCTGTTTAGTA-1,0.15689708735097266,-11.463892611011401
CCATTAGCGATAATCC-1,22.86284103480864,2.7814178274103045
CCATTCCCTGCCCACA-1,26.482900731115002,-2.195480029204305
CCATTTCTACCTATTA-1,-10.326190572992159,-16.309951670910536
CCCAAACATGCTGCTC-1,1.154022516434592,16.83466150100517
CCCAACATACGTCGCG-1,27.694165515157884,0.7018395847137577
CCCAATGAGATTTGCA-1,-19.379309978861034,10.049716757503504
CCCAATTTCACAACTT-1,22.099033855439103,-7.0463624719547715
CCCAGTTAAGGCGCCG-1,27.768174233232156,-5.444000671235731
CCCGCAGCGCGAACTA-1,-23.117552698805817,-1.845341595263991
CCCGTAAGTCTAGGCC-1,7.130538187320013,2.704002320005629
CCCGTAGCTGGGAAGA-1,-0.6640360079382697,22.439400095436138
CCCTGAAATGAGTTGA-1,-0.2791257890275531,18.426530715551625
CCCTGCCCAATCCGCT-1,-15.655039138366238,13.182601786411418
CCCTTTGACAGGTCTT-1,-1.1769805520383618,-10.110172514789344
CCGAACCTTCCCGGCC-1,-1.641571984655675,-4.457175468046909
CCGACGGGCATGAGGT-1,-16.948039377772407,13.747684481633913
CCGATCTCAACCTTAT-1,-17.79892560912466,17.117843152740452
CCGATTCGAGGGACCC-1,-14.191973229036568,12.668977214884356
CCGCACAAAGACCAAC-1,18.550244491642598,-21.666281530540786
CCGCATGTGGTACGAT-1,-28.58383369589531,10.98587779130452
CCGCGGAATGCGTCAC-1,21.88064641637132,-17.18036926209675
CCGCTATCAGCACCAG-1,-17.128698404257406,1.7778140060246193
CCGCTTACCTCACTCT-1,2.2591012587209605,18.249284836136116
CCGGAGCGTACTTTCT-1,-21.675831899962024,-1.2135828267999467
CCGGGCGGTCTCGTCA-1,14.762784109474147,4.656556372009159
CCGGGCTGCTCCATAC-1,27.829271788767432,-1.7996082433379093
CCGGGTTCGAGGTTAC-1,29.423420891530654,-2.2934723462702333
CCGGTTTGTAATTGTG-1,21.43241566492372,2.330472858981509
CCGTAAGTTGGTCCCA-1,26.73698513588061,-5.3783052328103365
CCGTATCTCGTCGTAG-1,-22.01803538222708,5.8173375864238315
CCGTGTTAAATTCCAT-1,-1.7972910192349991,21.40627047730437
CCGTTCCGAATCTCGG-1,-11.507556829627498,2.2513214034624016
CCTAAATTAACGGTTC-1,7.057236172205361,16.66244474543484
CCTAACCCAAACAAGT-1,2.8835256643661418,-9.40211626245888
CCTACATTCACAGACG-1,-5.42104318525043,-13.654982017079828
CCTAGGCGTAGCGATC-1,8.13326088307589,4.942636005040537
CCTATAATGAGTGCCC-1,6.49842005517424,0.26118372249005906
CCTATACCGTCCTGTC-1,26.483705477845064,-6.24793849255617
CCTCCGACAATTCAAG-1,1.858662005644518,14.317899996792214
CCTCGCGCTGTGCGAT-1,-25.47745803735903,9.963380539916793
CCTCGGACCGGGATAG-1,21.178541537870878,3.5011871415830047
CCTCTATCGATTAGCA-1,-21.48042820735337,5.49085332718754
CCTCTCTCCCATCTAG-1,19.006071965953502,5.586931319484029
CCTCTGTACTATTCTA-1,-25.5477071852988,5.090299983820162
CCTGAACGATATATTC-1,28.05993450820448,-5.24710156706397
CCTGACCACCGATGGT-1,-17.3462266759056,1.489828789091062
CCTGGCTAGACCCGCC-1,-17.013907847658963,14.739128004658438
CCTGGTCGAATGTGGG-1,-30.32517551975959,12.419593922580306
CCTGTAAGACATGATA-1,15.196184360635833,-23.35862144330601
CCTGTACTCACGCCCA-1,0.2228692467389063,-11.212893609371031
CCTGTCGCCCGTAAAT-1,-2.8251309075425777,-19.140425875352804
CCTTCAGTTAAAGTGA-1,-20.431677736838285,9.552581879629697
CCTTTAAGGGAGCACT-1,-3.8308055246188975,22.235720655192242
CGAAACGCAATTCATG-1,23.55282953756649,-3.7210121677687718
CGAACAGTATGGGCGT-1,-24.421990547311818,1.0868134676498298
CGAACCCGCATGCGTC-1,26.019298579694777,-10.999638625703701
CGAAGTTGCTCTGTGT-1,0.5232082364782892,17.83317004994834
CGACAATTTGATCTAA-1,-9.629544024783053,-12.651521377990887
CGACACGCTCCGACAG-1,-11.636263297421973,-3.3959146789164985
CGACAGTTCGCGTTAT-1,19.737278330727875,-18.92541002154172
CGAGACCCTAGAGTGT-1,-17.691599823136563,1.0490013699436769
CGAGAGATGTGAACCT-1,-17.706220121480126,10.056189770576417
CGAGGCTAAATATGGC-1,-18.944805814331122,17.060672306135913
CGAGGGACTGCGGTCG-1,14.775476681181217,-22.637319345219574
CGAGTACTAAAGAGGA-1,6.585304674216246,4.24199935750438
CGAGTGAAGGTACCAG-1,-24.713379539943656,4.317894844717761
CGAGTTTATCGGACTG-1,1.320983582453581,12.397817285648163
CGATACCTCGCGGACA-1,13.2301483331498,4.6933716158151055
CGATCCGACCCAGTGC-1,11.273452124861224,14.121520224892816
CGATCTGTTGGAGGAC-1,-9.797701574652745,-4.767227069179196
CGATTAAATATCTCCT-1,-27.36417629625953,9.630145530502858
CGATTCGCCTGGCTGC-1,-15.16623662627159,-0.47352175270367985
CGCACATGTCCACTAC-1,19.604073524230582,4.492649103689777
CGCACGTGCGCTATCA-1,-19.539596018162545,5.86892090738541
CGCATGGTGCGATGCT-1,-0.5659059309400617,-12.007303186301316
CGCCCAGCACGCCTAG-1,-1.7511451646288974,-12.051853152067043
CGCCGCCCATGCCTGT-1,19.757674700275228,-9.556072658564842
CGCCTCCCTCCTCTAT-1,23.8906399716503,-1.0999595145395304
CGCCTGGCCTACGTAA-1,5.588495238046449,-0.6826145820357519
CGCGACCGCGACAGAT-1,-23.050637314632315,3.404121698599176
CGCGCATGTTTGATTG-1,7.734831693141145,13.428512840779021
CGCGGCTCAACTTGAA-1,-13.014723665136868,-13.817068237749451
CGCTACGGGACATTTA-1,20.54154281260711,4.9062589075222505
CGCTAGAGACCGCTGC-1,-16.103312738111544,9.485265894718205
CGCTATTCTTAGGCTC-1,-20.18913439682484,0.7202782946887389
CGCTCTCCGTAGATTA-1,12.822734504551068,7.238577820027737
CGCTGGTGACTACCCT-1,-24.561411851714276,6.343445729497514
CGCTGTGTGGATGTTG-1,-2.664367047458698,18.9341813079003
CGCTTATTCCCGGTCG-1,14.898246851792095,6.215897623368206
CGCTTTCTTGCATTCG-1,-0.33274307553785826,14.15449979904357
CGGAAAGAATCAAACG-1,5.631870922220418,-0.5083198292700393
CGGAACGTAAACATAG-1,14.75978011184556,-23.89142072724839
CGGAGCAATTTAATCG-1,-21.949599459515102,3.2449305345379305
CGGAGCATGGCGATCC-1,8.619469934705458,16.68324168410782
CGGAGTTTGAGAGACA-1,-16.51231476085507,10.706506029879705
CGGCAAACATCGTGCG-1,-27.098157427145143,7.2571923166967744
CGGCAGGGTCGGGTTG-1,-19.59507076959329,9.02869758481962
CGGCCACGCACAAAGT-1,-20.85209446292227,11.848132154317344
CGGGAATTTATGTAAA-1,-10.260832534785573,-16.276656852180587
CGGGAGCTTCAGTGTA-1,-3.689847058719897,-14.892197671370477
CGGGCAGCTAAACCGC-1,-17.580111957271136,5.791299139009161
CGGGCCTTCTTTGTAA-1,-6.744643317914255,-16.724665760869236
CGGGTGTACCCATTTA-1,-1.6858458636212463,19.74316711440977
CGGTACTAGAATCAAA-1,26.419985178707705,-1.052088662376482
CGGTGCAGATAGAACG-1,21.94165197181569,-3.836345064487364
CGGTGCGCGTTGGTCC-1,8.728339078389432,1.320430896770858
CGGTTGACCTGGCATA-1,-0.3170754425620103,14.870095610774792
CGTATTAAGAGATCTA-1,-15.806227315111933,-9.919107822848844
CGTCACGTCCATTGGT-1,20.066380039062253,5.559012453203896
CGTCGGATAGTGTTGA-1,-19.204387114659966,4.633482904678768
CGTCGTCCTTCGCGAA-1,-3.749723645201017,-19.080082101781873
CGTGAAGTTAATTCAC-1,-12.774931906695397,-7.700318820642619
CGTGCAGACTGGGACA-1,22.902842632525015,-8.673581223354233
CGTGCATTGTCGACGC-1,28.546210302297464,-0.9756767900517628
CGTGCCCTCCCGAAGA-1,19.895214773735077,-21.673857798996536
CGTGGCCGAATATCTA-1,-25.80549187174888,4.358791628532996
CGTTCATGGTGCGCGT-1,-16.919413574047876,16.345261894853888
CGTTGAATACCGCGCT-1,-13.382531753729126,-4.617913594381238
CGTTGAGCGACCGTCG-1,29.111696671949705,-6.073522380883687
CGTTGTTTCAATTCCC-1,23.67800454193757,-12.660491527787057
CGTTTCGCTCATTACA-1,11.479139353946552,4.466771806312384
CGTTTGTGTAGAGGGT-1,15.054658143963326,7.685644615964656
CTAAAGAATGCCTACT-1,28.544857513074938,-8.29812011617192
CTAAAGGGAAATAGGA-1,-20.091463193900992,-5.298519229160698
CTAACCGCGCGCCCGT-1,27.896820969002952,-7.092385226523175
CTAACTGGTCCGGTTC-1,2.939294315838609,-9.578368257342655
CTAAGGGAATGATTGG-1,9.604246662976792,4.698719114740186
CTACAAGAAATAACCC-1,2.9845670672831113,16.73013666561726
CTACCCTAAGGTCATA-1,-18.601303182088422,4.4981014798924335
CTACGACTAGCTATAA-1,-8.048647030345181,-16.07959328552498
CTACGCACGGAGTACC-1,-17.729540674300033,-4.737407306708728
CTACTATCATAGGTTT-1,-20.985262753086342,14.419067050636388
CTACTCAAGGTATAGT-1,-12.27879210178748,3.3939082233064757
CTAGATTTACGACGGC-1,29.460136325203493,-6.62161129843426
CTAGCATAGTATAATG-1,8.438363575553092,1.9896385623468462
CTAGGCGCCCTATCAG-1,-2.8719156820561147,-17.986978963349742
CTAGGTTCGGACGTGA-1,-30.7774670828148,10.201841463711085
CTAGTCACGTCTTAAG-1,25.19652488557823,-3.976361921102334
CTAGTGAAGGACAGGA-1,30.456695720325165,-3.7971570938975647
CTAGTTACAACCCGGT-1,-26.6142651262873,10.130122855071296
CTATCGACGAAATACA-1,-11.311568918464204,-11.929881426547682
CTATCGGGTCTCAACA-1,23.860354202167873,-5.923259350052713
CTATGTCACTAGCCCA-1,-20.53575682638782,10.487254373701255
CTATTCATGTGTCCCA-1,-25.493545026582375,11.438701617913324
CTATTTGGTTACGGAT-1,21.023938381653398,-10.815749642294783
CTCACTTGGCTGGTAA-1,-0.5740426627098819,21.25419397698732
CTCATGGTAATTTGCG-1,-15.092851002311196,-3.02355682877156
CTCATTGCTCTAACAA-1,-27.608789196620297,13.671253402669977
CTCCCTCCTTTCGATC-1,-16.10590792371833,14.033400567405764
CTCCGCCCACATGAGG-1,21.181969737555537,-11.512400871790781
CTCGCCGAATGTAGGG-1,-27.36304697162971,13.621904013903649
CTCGGTACCACTGCTC-1,23.316838955020806,-15.457304576766411
CTCTATTTGGCTGCAG-1,-12.3344735036294,-2.7570819059617326
CTCTCACAATCGATGA-1,19.977023276470664,2.4899738150525814
CTCTGGACGCCTGGTG-1,-8.405022584547144,-1.8137238597322263
CTCTTCTATTGACTGG-1,-24.382728867426874,5.862406341397809
CTCTTGTCCCGCTTGG-1,-10.600390172812146,0.10923587614994039
CTGAATCCGAGACCTC-1,11.021919998959756,10.429251227331001
CTGCACAACTACATAT-1,30.20312681471674,-1.644711260553162
CTGCACTCCAGTACAG-1,-13.984602535138322,-1.50319724427977
CTGCCATGCATCACAT-1,-19.582126024874913,-7.408800046184982
CTGCTGAGGCCACGAA-1,-0.4183290315313295,14.664875093390414
CTGCTTGGCGATAGCT-1,0.2959252437008453,19.576953556017724
CTGGAAGACACGGTGG-1,-0.9585795883724698,20.33697984757712
CTGGATTTACACTTGA-1,5.076074323486694,18.45111637605369
CTGGCATCCGAATGAG-1,-8.612574722134084,-11.658060207434541
CTGGCGCACAGGTCTG-1,6.631481810495751,3.580743390161012
CTGGCTGATTCATCCT-1,-14.28099887665601,0.4358598029132001
CTGGCTGGTTGTCAGT-1,-1.6097735931278265,-16.255017151935185
CTGGGATAAATAATGG-1,23.087990605927136,-11.827693213459467
CTGGGCCTGCTATATC-1,6.662545224899423,12.110237285430424
CTGGGTAGGCAGTTAA-1,18.55776569192241,-20.843595222806254
CTGGTAACACATAGAA-1,3.6610859558430553,17.9176716655879
CTGGTTTCGAGCAAGA-1,-1.905513874017522,24.295866790044457
CTGTACTTCTTAGCAT-1,9.422865829502872,17.376286990216126
CTGTAGCCATCTCACT-1,26.34841354597045,0.8900239475250569
CTGTGCAGGGTAGGTC-1,10.112744904434878,13.697107615665788
CTGTGGTCGGGAGATA-1,3.6001608824458162,21.51592241288004
CTGTTACCCAATCTAG-1,-9.144811561289947,-7.672794317924469
CTTACACGGTATTCCA-1,1.06030643053392,21.192327338960773
CTTCAACTCCACTTGG-1,-30.78291280217661,10.048338587677337
CTTCATTGTCAGTGGA-1,-15.918060100005224,-6.729104955711954
CTTCCGCTCCGTGAAG-1,12.719258561836643,6.483641527090067
CTTCGTAGATAGGTGA-1,19.59311555881839,-12.645846838232206
CTTCTATGTTGAAGTA-1,-3.6773306468306415,-10.13285320290064
CTTCTATTAATGCTAG-1,18.204119874363887,-14.33304695290761
CTTGAGTTAGGGTAAT-1,1.767688897024237,-9.189639574107723
CTTGCAACCGCCTCCT-1,2.173893940058283,-8.646545005701832
CTTGCCCAGGCTCTAC-1,-4.555768072200479,-13.609926289165234
CTTGGCCAAGCTGGGA-1,-16.526112546886207,17.54515765878636
CTTGTCAACATTCGAG-1,-26.968093276821957,7.040924138480193
CTTGTTGCTGAGTCAA-1,21.589897753618406,-20.571048666883275
CTTTAATATTGGTCGA-1,-1.4080655047149233,21.559326723398712
CTTTACCGAATAGTAG-1,22.87451196820712,-5.772120184551747
CTTTAGGAACACTGTT-1,5.896940365910792,4.038123337268546
CTTTAGTGCTATTATT-1,-8.408461025984428,-9.280833212304097
CTTTCTGTGCGGGCTT-1,-27.070033645704598,12.473260824429401
CTTTGGCTTTAGTAAA-1,18.71043057482723,6.18321574640636
GAAACAGATGACCACC-1,-1.0041776101411746,-12.499811457898499
GAAACCGAATTACCTT-1,8.689384158067066,1.8064626605198322
GAAACCTATACAAATG-1,-15.011844814776401,-2.891471864422268
GAAAGCAGTGCACTTT-1,1.0932842757769379,-8.881338519344911
GAAATGGCGGTGTTAG-1,-20.26965448400318,13.956595076216269
GAAATTGTCTCTATAA-1,0.5835827087971284,-11.72813643457757
GAACAGATTACTAAAT-1,-28.423975925067772,10.044875540212946
GAACCCTCTGTGTTCT-1,-30.717383393918023,13.914277333985503
GAACGTCTCATGGTCG-1,-8.284853051827993,-13.634385951919421
GAAGCCTGCACATTCC-1,-29.40318185797205,14.080292796565894
GAAGCGTGAGGAATTT-1,-17.935451934226947,-6.755196493145508
GAAGTCAGTTGCACTA-1,-9.412944781469644,-5.602232495559039
GAAGTCTCCCTAGCGA-1,1.1384831363363805,17.943704881737276
GAAGTGATTTATCGTG-1,26.696789118810127,0.7288787914449149
GAAGTTTCCACTCAAT-1,28.945183935806654,-5.852315140417051
GAATAGACGCGACCCA-1,-0.12191685048353539,-13.390460126067792
GAATAGTGCTCGATTA-1,-15.768116644476855,9.261451389829537
GAATCTGAACATTCTC-1,-8.649654981875312,-10.321229697562375
GAATGTGGTCCGGATT-1,24.053187641563564,-11.381899422462105
GAATTATAGTGAAAGG-1,23.496619486920356,-2.625102639314667
GAATTCACCCGGGTGT-1,6.642652268733076,15.121412020243968
GACAAACATATGCAGG-1,-25.186183983073814,1.758473866610937
GACACAAGGGAAGAAA-1,-1.9170816925295013,-11.689323778692028
GACACTGAGTTCAGTG-1,25.222177848918864,-15.553828098604429
GACAGCCAGACCTGAC-1,7.55338068740969,4.875883867461056
GACAGGCACACACTAT-1,-17.74069874664966,-6.7569489082053655
GACATCGATTTATAAC-1,29.854875596740627,-4.366935589520967
GACCAGAGCCCTGTAG-1,-2.002030790704305,21.189929457838712
GACCGTGCTGACGGTG-1,6.425329361895287,13.752591267096072
GACGACGATCCGCGTT-1,-12.995092008760942,-4.875794123610498
GACGCCGTAAAGGCTA-1,-2.9985993776627606,21.41930873980852
GACGCTTGCTTCTAAA-1,24.399355102715543,-18.62974647349354
GACGGGTTGGCCCGTA-1,-21.437404183906065,3.0919379058019367
GACTACAAAGCGGTGG-1,-17.801866186855385,9.453829033233733
GACTGCAAATCGAGCT-1,-29.302648313564745,8.347006310022579
GACTGCACCAGCCCAG-1,21.221880563710858,-15.253671967114244
GAGACTTCGCGACCGA-1,-6.314406550993567,-18.709397705096844
GAGAGGGCGCGAGGTT-1,15.577539012194844,-22.06051822917115
GAGAGGTGCATTCTGG-1,2.378443803999275,15.42181953188882
GAGATCTGCTTGGCAT-1,25.011051644430342,-10.469967302539768
GAGATCTGTCACTCCG-1,-4.538584715181876,-8.54943545176937
GAGATCTTCCATGACA-1,19.494066410042766,-20.550856068866125
GAGATGGGAGTCGACA-1,-0.40175393550639676,-15.530514953100173
GAGCACCTGTGTCCAG-1,-10.65973548503147,-14.199589909998569
GAGCCAGCTACCTGTG-1,2.038803913379585,17.227297886102953
GAGCGCGCACGAGTAG-1,-12.395569332046987,-1.9526077683902852
GAGCTAAGGGCATATC-1,-21.54192126437747,15.716574078838068
GAGGCTATCAAAGTCG-1,-3.263244807917672,-12.545030793133057
GAGTATGCCCGCCTTG-1,24.56908004548008,-7.518086277751543
GAGTCAGACCAGAATC-1,26.929233006318583,-2.627053232995835
GAGTCCGCTTACCGGA-1,-13.33359437513909,-10.904817707618315
GAGTGTGCGGTACCCA-1,1.2007448011740405,17.473775114708324
GATAACTCGCACTGTG-1,6.10226437905736,3.98145681435927
GATACGATGGGAGTCA-1,15.869816206277834,-23.145141881467644
GATAGGTAACGTTGAC-1,-19.07716905085733,0.7305454603107765
GATATGAGACACTAAC-1,20.42506347139403,-18.464479111988542
GATCCGGGAATTAACA-1,22.355976163470658,-14.047510624416345
GATCCTCGACACTGGC-1,-2.555579176014088,-17.879545826292944
GATCGCGGGCTCTCCA-1,9.892768054144902,10.504122198570808
GATCGCTACCCGATTT-1,-25.380653424016145,2.9911921849114593
GATCGTGACTGATATC-1,26.475102099385865,-11.293290078012372
GATCTGCTATCTAAGG-1,-16.900483858001817,19.590710709267107
GATCTTGGAGGGCATA-1,8.956892345064794,14.478570042962014
GATCTTTGCAGGGTAT-1,22.943821259584038,-14.550296094547516
GATGACAAGTAGGGCA-1,-16.889506135234992,-8.400772545510717
GATGCGTCCTGCATTC-1,-20.325174197436983,-6.0026029367348865
GATGCTGTATTTCATC-1,24.207022624918533,-11.281179864013803
GATGTTCAATCCACGA-1,19.532597910748066,-21.705871430052593
GATTAACCGAAAGCCC-1,-18.57564255387883,-8.59995920225663
GATTACTGAATTTGGG-1,21.912991784860694,-20.26388450218189
GATTCGACGGTTCACG-1,12.79462504370729,4.365822818741367
GCAAACCCTACATTAT-1,21.43297009973721,-13.029247500882313
GCAAACCTTGGCCATA-1,-28.321949531972468,11.40510392211395
GCAAATATTACGCTTT-1,22.61860091228874,-19.54605619667935
GCAACCACGGCCGCGT-1,5.844196406377765,0.5276394381463749
GCAAGAATTCCTTGGC-1,20.863532254052192,3.7904424833589236
GCACACACTGGTAGCC-1,-15.685141392075966,14.713951688970086
GCACGCCTACTTAGAT-1,0.1600557812773132,21.229791465897012
GCAGATCCATAAGACT-1,27.43394883759814,-3.7797254372236617
GCAGATTAGGGATATC-1,-13.024981817579802,-8.280908436978097
GCAGCACACAGCCCAG-1,14.863861527428584,-23.67329418401749
GCAGGACTATAGAATA-1,28.333187816459056,-8.006985558642079
GCAGTGTGGCTATAGG-1,-16.277498075384052,15.941123319692899
GCATAGAGCACTCAGG-1,-18.485305217322132,-2.1909900508278772
GCATCGGCCGTGTAGG-1,-17.171826292902615,20.415151858517852
GCATGAGGGACGCGGC-1,-16.99576406413251,19.230424482467978
GCATTGTAATTCATAT-1,-12.828799194663794,-1.213004682630396
GCCACAATTTAAGGAC-1,25.43887339945683,0.5394432559066998
GCCATCGAGCTGCGTG-1,19.124488703177246,-18.140814409051206
GCCCGACTTCTTCCCG-1,-10.56962820823226,-1.3085269984941723
GCCCGATCTGTGGTCG-1,-27.072189403622723,11.24061727554615
GCCCGCGCGTAAACGG-1,24.720973549655525,1.071525532222625
GCCGAAATTCCTACGT-1,25.299991531160607,-5.590443616835539
GCCGATTGGCCAAGCT-1,-19.33523073976549,-6.069172540416827
GCCGCTTGTGAGAAAC-1,20.494827078554795,-21.42107551776862
GCCGGGTTAGGGTCGC-1,-18.75032721598169,-5.705019762266544
GCCTCATCTGGAAATA-1,-9.78284321855701,-12.056266873681963
GCCTCTATACATAGCA-1,-1.5076048473969625,-5.639797293537823
GCGAAACTTAACTGGA-1,24.939160298038725,-4.863800900581982
GCGAAGCCATACCCGT-1,-21.923662883153554,16.0866651159315
GCGACGATAGTTGTAC-1,7.776742137951636,17.79156235556997
GCGAGGCCCGAGCAGA-1,25.295734174773507,-4.694188886230766
GCGAGTTCTGCAAAGA-1,-0.12799119120194388,-10.27277559421628
GCGATTGTTAACGTTA-1,14.541014058235346,-22.94871075589766
GCGCAAGAGCGCGCTG-1,-20.60983827678479,5.869772168793198
GCGCCGTTCCACGATA-1,-6.01596814450325,-13.865040706348866
GCGCGTCATTGGTACA-1,1.7994337686908037,23.282356318655502
GCGCTAATTGAATAGA-1,23.974270654977364,-12.383658386850632
GCGCTATGCCGAGGCA-1,26.957151671407157,-2.266735608476481
GCGCTTAAATAATTGG-1,-6.824670103102258,-16.95621662269139
GCGGACCGCGTTGTGG-1,20.798170979585162,-6.062833671046287
GCGGAGAAACTTCGCA-1,-12.434244803271982,-5.467890122520237
GCGGAGAGGGAGAACG-1,15.724977026165343,-22.736882880669572
GCGGCTCTGACGTACC-1,22.894589325284027,-20.38014003142855
GCGGGCGAGCCTTACC-1,14.104148995908224,8.320686620022693
GCGGTTCCCTATCATG-1,26.13106805048136,-4.537484775703858
GCGTCGCCAGGGTGAT-1,-26.120718814835854,11.882767495337266
GCGTCTCTGCATTGGG-1,13.135547415545622,-24.76622835603422
GCGTGGTACTGGGTTA-1,-10.632331563606332,-10.481334546423959
GCTAAGTAGTTTCTCT-1,29.077983741375125,-6.444575343747572
GCTACGACTTATTGGG-1,7.662493906650926,17.559566675658083
GCTACTATAGTAGAGT-1,-19.993442631534656,-2.8142124460359064
GCTAGCTTGAATAGCT-1,20.712425559523275,-11.746967229517201
GCTAGGCACCACGGAG-1,22.52688742452267,1.166772928536329
GCTAGTAGAGCTTGTA-1,-0.530182438374305,-11.163773375288145
GCTATACGTCTCGGAC-1,7.509763137673099,14.679281035668554
GCTATCATACTCATGG-1,6.38620797496327,0.8452747585051172
GCTCAATCCGTTTATT-1,-9.832180026397003,-3.422988942422947
GCTCAATGTAATACCG-1,-16.46625124309345,19.48579161842916
GCTCCTGACATACTGG-1,-20.099215933077417,3.0218090674352305
GCTCGCTCATGTCCAA-1,-20.818184961807255,1.9944891622251124
GCTGAGGCGTGAGTAT-1,-7.1554258157445645,-17.176785588056124
GCTGCACGGTTTCTTA-1,26.713418067141237,-8.858585583862766
GCTGCTAAGTAGTCGA-1,-9.554050120740895,-9.714388344458833
GCTGCTACTGCGTAGC-1,11.041000478185623,4.369025466094265
GCTGCTCTCCGGACAC-1,-16.0743581027737,-4.750162317847991
GCTGGCATATTCACCT-1,-17.245637147331625,19.03201167160392
GCTGGCGGCGCATGCT-1,-29.64737077328409,13.312191805719028
GCTGTATTACTGGCCC-1,17.145074885762934,6.9262790711046165
GCTGTTGCTACCGAAC-1,-3.4567679049050133,-19.550737018797673
GCTTAATGTAACTAAC-1,20.55555791017799,4.955693150104748
GCTTATGAAGCAGGAA-1,3.7585333179482143,18.275846804156036
GCTTCCGTCCCTAGAC-1,-17.34463350700666,-3.058477923410524
GCTTTCAGAGGAGGTG-1,-19.444089666530953,6.479318548686888
GGAACCGTGTAAATTG-1,20.790698403025974,-19.452193188070364
GGAATGCGCTAGCGTG-1,6.948220795560121,12.34680751150479
GGACCAACAGGATAAC-1,-24.372150907748953,2.5208566658017837
GGAGACGACACCTTTG-1,0.6603064204131327,-12.48866324457928
GGAGGGCTTGGTTGGC-1,9.783174517659464,5.0813548820350345
GGATCCGGAATATACT-1,28.79888949382656,-2.0021657157640127
GGATGAAGATCGCTGA-1,-8.236141887826468,-14.013420836451862
GGATGACGCGAGTTTA-1,23.856816520548932,-10.13355617941772
GGATGCTGGCGTTCCT-1,-17.18855800207623,19.42739402162036
GGATGTCCTTACCGCA-1,1.9437005388201405,13.409205934181845
GGATTTCACTTCTATA-1,-3.861200322927798,20.688666042875738
GGCAAAGGCGCCAATA-1,-11.313256993292706,-3.6049175310335717
GGCAAATTACTTTACT-1,0.00909874124539412,-13.502765658886668
GGCAAGGCGAAATAGC-1,6.188656373537003,14.966623932997116
GGCAATAGTCAATGAG-1,-1.5483668361075262,-6.547696469855634
GGCACTCCACTGGGCA-1,28.80140710894923,-2.2867526066325987
GGCATACAGGTAGCGG-1,-2.9346543022056095,19.051149945712964
GGCCCTCACCCACTTA-1,-13.010771165569457,-4.156182074131535
GGCCGTTTGGGTTTCA-1,-3.259595226709499,20.927415013563326
GGCGAAATCTAACTTG-1,7.866380089288723,14.628550539417816
GGCGCAGGACATCTTC-1,-0.41594038803155514,19.395888349968136
GGCGCATGAATTGATG-1,-3.4561650603491976,-8.542015123747568
GGCGCGGAGATCTTTC-1,-19.51063964981337,5.752947677926645
GGCGCGTTCGAGTTTA-1,-17.74622071881302,-7.248536398263807
GGCGGAGTAATATTAG-1,11.271093316573657,4.497779553027782
GGCGGTAGGATCATTG-1,-2.551253511491477,21.065984939752695
GGCGTCCTATCCGCTG-1,-15.428794425881966,-5.351144716176477
GGCTATTAAGTTGTAT-1,27.81048937038408,-6.059010923031029
GGCTCCTCCACCTGTT-1,-21.02142536537866,11.17841784265754
GGCTCGCGTTGAGGTA-1,-20.929660912401044,14.022181087412894
GGCTGAAATAGCAAAG-1,20.487313725071868,-15.989018727507203
GGCTTTCAATAAGGGT-1,-27.031513547334978,13.429001378178661
GGGAACGGGAGGTTAG-1,23.16535896407682,-19.369927766796096
GGGACCCGTATATCTT-1,2.88723676521818,-8.52036145018462
GGGACTGCATAGATAG-1,-21.620931758671354,15.79470346936432
GGGAGAACTCACAGTA-1,-2.1405515726041187,-4.223128369144147
GGGAGGATGCCCGAAA-1,11.044485716228218,14.583607727683708
GGGAGTTAATGAGGCG-1,26.976982455318005,-5.514217342072651
GGGATGGTCGTAACCG-1,22.067024624023492,-12.02839199050652
GGGATTTACCGCACCT-1,-0.9661290756714479,19.657486421999565
GGGCAGAGCAATCGTT-1,-27.35172453440918,10.917844453880885
GGGCCCGTCTTAAACA-1,8.652402144280833,16.46874318067713
GGGCCGGCCGAAGTAC-1,30.434495854647043,-6.029456408819329
GGGCGGCAAATGAATT-1,17.100878336289373,-19.671820097529725
GGGCGGGTTCCCTACG-1,22.442208096442823,-6.245663637718903
GGGCGTCACCACGTAA-1,30.63850331274126,-5.22766462917031
GGGCTATGATCGATGG-1,-3.0654135705562684,21.697579394690067
GGGCTGCCTAGGGCGA-1,26.03745988705233,-3.594484190172452
GGGCTGGTTAGTCGCG-1,-10.202353602891007,-10.303195885431366
GGGTACTTCATGAACT-1,22.952184947921356,-20.606921631681338
GGGTCACCGTGACGGT-1,30.47302302942816,-3.1098297338173726
GGGTGACACCTTAACT-1,-4.7000698602195135,-18.481138447902378
GGGTTAACATTTGAGT-1,21.834738731805903,-3.9753481543940326
GGTACAAACATGCTAT-1,-5.704396459825222,-18.480413949464282
GGTAGAAGACCGCCTG-1,-9.208116885697029,-9.190232077249265
GGTAGACCGTTGGGCG-1,6.331893620819706,-0.2983228983971491
GGTAGTGCTCGCACCA-1,19.136179852030015,-15.203449811442779
GGTATTGCCGAGTTTA-1,-2.690155216863675,-16.002121817096562
GGTCAGTGGGTCCCAC-1,-22.294561139186243,3.804163928598389
GGTCGGCCAGGAGCTT-1,-1.0464656401235566,19.89641850938986
GGTCGGTCGTCCACAG-1,2.0928785653315485,22.39402126172505
GGTCTCTGAATGGACT-1,-12.73000414178587,-3.347965650199941
GGTCTGAGAATCTGGA-1,-4.297075070009095,-13.178488261863873
GGTGAAGTACAGGGAT-1,6.424430138688469,0.9170288909640575
GGTGATAAGGAGCAGT-1,19.53994527823833,-19.98869184801481
GGTGCTGGTACACATT-1,23.589431382905524,-6.563828755286973
GGTGGACTGCTCTGGC-1,8.234164169882627,2.5922633524261083
GGTTACCACCCTCGGG-1,5.78195316281833,-1.0824956536135864
GGTTAGCTATATGTCT-1,5.0506741889676645,17.282092217581283
GGTTTAGCCTTTCTTG-1,-25.12648472140851,9.878395622298312
GGTTTCAATCGGTCAG-1,-7.919941688132141,-14.904078717777066
GTAAGTAACAGTCTGG-1,21.725234078149157,-12.132798349148707
GTAATCTGATTCTTCG-1,19.30221992477838,-15.0869500762765
GTACACTTACCTGAAG-1,6.860715753489482,16.41222872821403
GTACAGAGGCAAGGGT-1,20.78689942065552,-10.59585722204477
GTACGCTTCATTGCAC-1,7.189920033185129,2.369448083570172
GTACGTTTGCCCGTCA-1,-1.3389758966417196,-4.900036774755475
GTACTCCCTTATCGCT-1,2.586978716935634,19.394715725401618
GTACTGGAGTTAGACC-1,17.95184668986666,5.7801364898623
GTAGAGGGAGACAAGT-1,-10.675815493241368,-1.2063555953460752
GTAGCCAAACATGGGA-1,-2.092280186500701,-17.807241880063383
GTAGCGGCTATACACT-1,11.863503015130679,4.670029951814377
GTAGCTTCCTCTTGTT-1,-15.529358634243506,-7.342446329876171
GTAGTCGCGGGAATCA-1,18.693155116892584,-19.66526985750587
GTATCTTTCATAACCA-1,-8.54894630844921,-15.23899057302159
GTATGTGGGTCTAGTT-1,3.623675384844656,12.429287214819118
GTATTCTGAGAAACGA-1,6.586242327717113,2.8146137318849282
GTCAAGCGGACTCGGG-1,14.917005887900444,-25.13861951699069
GTCATTAGAGCGAACG-1,10.977373308311954,2.173780954541814
GTCCCAACGTAAAGTA-1,22.6238357435654,-12.255055745437884
GTCCCGCGACGTTATG-1,-13.38300516281228,-7.211276610541114
GTCCGGACCTGAAATT-1,7.080902584040577,11.021687327724427
GTCCTACGAATAGTCT-1,0.09460799498890643,-16.15361476186872
GTCGCCGTTGTGTGTT-1,17.55806768625139,7.863670084278999
GTCGCGTAACCCGTTG-1,21.496103420642644,-21.118012194709582
GTCGGATATCTCAGAC-1,-1.6719578937589998,18.644255999338814
GTCGGGAAGCAGAAAC-1,-26.146976911991953,12.80803182216716
GTCGTACCATCTCGGG-1,-17.253060785590083,3.3672555255604153
GTCGTTATTCGCTTAT-1,23.010267598195192,-14.85071987815341
GTCTATCTGAGTTTCT-1,14.025672963248924,-23.911441475117293
GTCTATTGGTTCCGGT-1,-2.3273456847611023,-10.48447592610877
GTCTCAAGGCCCGGCT-1,-30.089307853856372,13.297400824358823
GTCTGGGCGGTCGAGA-1,16.237540303418637,-21.96175054671359
GTGACCGCACACTACG-1,-1.6506948401449886,24.05043277072359
GTGACTTCAGTAGTGC-1,21.611529674658797,3.3791818167645298
GTGAGGACACTTAAGG-1,15.265730514121179,-24.7258990778565
GTGAGTGGTACAACGC-1,1.6041864450016836,-12.356509572444763
GTGATCACTAACGCCT-1,-24.842407918613418,1.5075849471313885
GTGATCATAGATCTGC-1,-12.638264994335616,-12.952227150108877
GTGATTCGCCGCTCAA-1,18.6554822001789,3.6987203942079394
GTGCCATCACACGGTG-1,27.05156843908135,-0.774956546903995
GTGCCCGTTCGGATTC-1,30.12917995763989,-1.8831002409688145
GTGCCGCTTCAAAGGT-1,15.547732514294866,-24.235708504097964
GTGCGAAATCGAACAC-1,18.591699529532303,-18.15850608142651
GTGCGACAGGGAGTGT-1,-15.703509793020544,8.892219445588548
GTGCGTGTATATGAGC-1,28.03136327422583,-4.095793095482975
GTGCTCAAGTACTGTC-1,-1.9460696588439157,24.456598318177253
GTGGACCAACCCGATT-1,0.4927639135945004,16.523099850705357
GTGGACGCATTTGTCC-1,-28.95689338399603,12.42553932434479
GTGGAGTCGGCGGTTG-1,-0.5274288420305409,17.682624175574063
GTGGCGGTCCCAGCGT-1,-17.051978374353197,5.908402286009016
GTGGGCTTAGACACAC-1,-17.7940675841817,16.8940159893301
GTGGTATAGTCTGCCG-1,7.1954498648528835,12.047225558213004
GTGGTGGCCAAGTGAA-1,18.44900168706007,-20.25909291126118
GTGGTTTCCGCCTTTC-1,25.565979383281135,1.0341517080788616
GTGTATATCAGCGGGC-1,-25.138991245489642,-0.505323556984392
GTGTCGTATAGCGTTC-1,-4.08399095452782,21.920038945767725
GTGTGAATAACTTAGG-1,6.784922698299572,4.533480461179022
GTGTTACTATGCGTCC-1,23.058787450198373,-18.796572746525495
GTTAAAGTAGGACTGG-1,20.082430552570646,-10.612478070284197
GTTAACATCACTTAAA-1,-8.230470380649017,-17.656042597600766
GTTACAATTGGTGACG-1,29.342493696211484,-3.172531840660486
GTTACCTACAACTTGC-1,-11.010355573169955,-7.53795052098189
GTTACTTTGGGCCTAG-1,8.924474287730355,17.39941417667572
GTTATATTATCTCCCT-1,1.5235688363693636,-10.291783053147523
GTTCACAGGAGTCTAG-1,0.7737513194888831,-11.118328463506634
GTTCGCCATAAGTGCC-1,-4.481362223976255,-13.965634756854435
GTTCGTCTAAAGAACT-1,1.7813432289253048,15.620240890142142
GTTGAACCGGTTCCAT-1,19.414147413319522,-17.754269812349605
GTTGAGTCCCGCCGGT-1,28.754148595142926,-4.561817559334792
GTTGGATTGAGAACAC-1,-0.2029648086170977,-10.524997488001892
GTTGGATTTGCGTTGG-1,10.804486444332456,13.425020747393386
GTTGGTCATGCTATCC-1,-27.42194798051003,11.585924732048365
GTTTACGTTCCATCTG-1,-21.69790021332045,10.575743858401617
GTTTCATATCGTCGCT-1,2.286258510409817,20.595012691672903
GTTTCTGCAGTCTCCC-1,28.33443878254168,-6.133750678958929
GTTTGGCCCAAGTTAT-1,20.669691130260144,-13.912337014591582
GTTTGGGCTTGTGAGC-1,-25.353086106951757,10.651687028948844
GTTTGGTAGGGTCAAC-1,-14.0596257166227,-2.3258740006959937
TAAACCCAGGAGGGCA-1,-2.416348779560505,-17.41084171301508
TAACATACAATGTGGG-1,25.553520971904916,-3.4535221059356527
TAACTCATCCGCGCGG-1,11.260657676999166,5.122198269235844
TAAGGCATAACATCAA-1,10.078059314826579,1.769724591559262
TAAGGCTGAATCCCTC-1,-14.26178714560809,3.7596601497612414
TAAGTAACATCTTGAC-1,27.471579094925758,-0.7506258862418279
TAAGTCGCCGAGTATC-1,-14.396793636249868,0.3367841590371671
TAAGTTGCGACGTAGG-1,-20.537881184896555,-0.06499066713039273
TAATAGAACAGAGTTA-1,1.8913626715555316,16.99122911236421
TACAACGCACAACTCA-1,8.913187556742484,2.2748043266460667
TACATAGGCATACACC-1,-19.436247069492392,1.252209798714088
TACATTTCTAACGTGC-1,-13.42497790559688,-11.47260801897279
TACCAAATAGCCCAGA-1,-30.127634492818547,8.897695093459387
TACCAATAAAGTACCA-1,13.143711610778436,5.430473300731781
TACCAGAAGTAGGTTC-1,30.20254152010413,-3.106543981128012
TACCGCGGACTTGCAG-1,-20.63471141022917,12.574848501499238
TACCGGCTCACTGCCC-1,-23.293906462537965,1.1707910013809262
TACCGGTCGTTTCCAT-1,12.818136572317561,9.69916910129903
TACCGTAGGTTAACTA-1,-23.682740542236257,3.669140684215896
TACCGTGCCTCGGACC-1,-11.673381783912756,-0.5579065723879649
TACCTACTCCCAGTAT-1,-29.461057966903322,10.147575208778807
TACCTCAGTTGTCTGT-1,-11.12586814854156,-5.328006939625822
TACCTTAAGATTTCCC-1,-10.867104674507482,0.9977823718163991
TACGAACACGACTTCA-1,-18.378999223693857,6.407436775962902
TACGACGCTTGCTGCG-1,9.310153198984993,15.542025966377693
TACGACTGCCTCTTAG-1,-6.105910565462907,-18.660510915222996
TACGAGAACTTCACGT-1,22.542801635541966,-15.472008909025817
TACGATGTTGATCATC-1,22.212379037983332,1.5130003868974404
TACGCAGTTCTTTCCT-1,8.342775821867834,16.584594806620483
TACGCCATATTCTAAT-1,-19.418799633886323,-6.250996246099587
TACGCCGAGGGTACCC-1,-10.160131040767645,-10.680682833860606
TACGCCTCCATTCCGA-1,-23.788448435276287,2.856666196279278
TACGTTTACCGGCAAT-1,23.704371736872943,-3.707027907015499
TACTATGGTTCCTCAG-1,18.204917663464563,3.974892491143523
TACTCTTTCGTCTTCA-1,6.383781913150724,1.7354389401102113
TACTGAACAGATTTAG-1,26.009033763285277,-0.13781040863751579
TACTGGACAGCTCGGC-1,-11.685678808597093,1.5191954250026876
TACTTGTTAGTAGTCC-1,23.4391636025321,2.469162915756214
TACTTTCCGCACGCCA-1,-16.54821576578976,18.23152310016548
TAGAAAGGTGGCGCTA-1,-3.472249564520753,19.720234939041795
TAGACGCCCGTACCGG-1,-12.325504024002951,-6.617936619948729
TAGAGATCATGCAACT-1,1.0087719808245046,16.823096134027463
TAGAGGTTCTACTTGT-1,-20.78761761630887,6.0300855083744
TAGATATGGACTGGAA-1,9.221153118839181,2.2004590552082766
TAGCCATTTCAAAGTC-1,-2.7170001649400546,18.45090809474549
TAGCCGGCGGTCAGCG-1,8.394080562360026,12.144552887325869
TAGCGTCCGGTGTGGT-1,13.72731455458725,6.487656160839699
TAGCGTTGGGTCTTAC-1,12.20070643985059,4.463065728120082
TAGCTAGAAGGCATGA-1,27.119054185959463,0.7858743333744949
TAGCTAGTGATGATGG-1,-3.1523523059694036,-17.171423243263707
TAGCTCGCCTGATAAC-1,-9.9544611465475,-9.317501468660955
TAGGGAGCTTGGGATG-1,-12.051362704194693,2.322487369317753
TAGGTGCTCGCCTAGC-1,18.228545914671276,5.155988932886377
TAGGTGTTCCACAGAT-1,-28.496371529954413,13.933965351104264
TAGGTTCGAGTTCGTC-1,16.730616019879175,6.368522187825529
TAGTCCGCAGAGAATG-1,-0.4963352159990253,-14.975898329919527
TAGTCGATCACGGGTT-1,-25.218914236321996,3.5120027423379168
TAGTCTAACAACGAGA-1,21.527786970574542,-7.373998471083974
TAGTGCCCTCCAGAGT-1,-7.682950731339571,-17.776976451130604
TATACACAGACGCCTT-1,-18.93250824345231,2.0327909123476084
TATACGCGTCATCACT-1,-28.43423570965552,14.854628060846723
TATAGATGGTCGCAGT-1,-17.32558716660011,17.862475526442097
TATATCCCTGGGAGGA-1,-18.4799398080439,4.04811834796012
TATCCAATTGGTTATC-1,1.5361633128882157,22.214104814808334
TATCCGCACCGTCGGG-1,-8.606508437641288,-8.390600560251412
TATCTACCACAGCGGG-1,-17.549218137900613,2.40684306076589
TATGGGACCGAGCAGG-1,-17.785180490460004,-3.2255214488806923
TATGGGTACGTATCGT-1,-20.83932453196376,14.286536564504871
TATGGTCTGAGTAACA-1,-18.477135909463108,-2.2102956799404203
TATGTCTCATTGTGCC-1,-6.942324467185483,-13.913836019172397
TATTAACCTGACCGCG-1,21.77902329705996,1.8318915893076255
TATTACCATCCTGCTT-1,-10.952516147434938,-9.600795444056796
TATTCAATTCTAATCC-1,22.14085224592584,-17.225927878493835
TATTCCACTCAGCTCG-1,-9.497125271116463,-15.188129680719646
TATTCCGAGCTGTTAT-1,15.573837432653896,7.556946685579344
TATTCCTCCGCCCACT-1,0.5697057886841368,15.304963006419655
TATTCGTGCCAGAATA-1,0.3748506396536144,19.384623759372367
TCAAACTTAGATTGTT-1,-9.909578276659145,-9.987378812946115
TCAAATTTGAGACTCA-1,-27.68080348479364,13.75138821325337
TCAACAAAGATAATTC-1,-20.664761734157373,1.79473155647825
TCAACATAGCGCCCTA-1,7.418633625249937,-0.18999301417387338
TCAACGAGGAGACAAA-1,-12.636018650606859,-11.953185542464661
TCAACGCAGGAAATAA-1,-6.7316784997311405,-12.61767043210666
TCAACGCGACCGGCAG-1,-12.55918443886938,-5.764550473329924
TCAAGGTTACTACACC-1,-21.92352115019544,13.852920123503775
TCACAGCAAACTCGAA-1,22.490564486396707,-9.39368822842812
TCACAGGAGAATAAGA-1,29.863590384957494,-2.243441013006969
TCACAGGGAATCGCAA-1,14.442530630838862,-23.089160628400425
TCACAGGTTATTGGGC-1,0.24094342034669153,22.433316262310658
TCACCCTCTTAAGATT-1,-18.092685029543667,-5.455897179661823
TCACGATGTCCGTGGA-1,-19.772693812465366,3.4570976729189287
TCACGCATTGTAGATC-1,1.9202547793861315,20.466593399710753
TCACGTGCCCGATTCA-1,-12.13187526862902,-12.882322114949293
TCAGACGCTATAGAAG-1,5.387005927740001,18.561202530953835
TCAGCAAATGCATCTC-1,9.44165208727519,10.617941148751749
TCAGGTTCTTTGAGAA-1,-2.6834046551276387,-6.593343465083679
TCAGTAGGGACTATAA-1,26.694961749773423,-11.265323523654722
TCAGTGTATACGTCAT-1,-11.888850060277848,2.720482983369757
TCATTTAAGTCTCCGA-1,-18.992584675822474,9.672797073621028
TCCAACTTTAAATTCT-1,13.73341153134324,-24.193374749549626
TCCACAATGGTTTACG-1,-8.388502862048771,-18.35436941858706
TCCACCTCTAGCCTTT-1,-28.346365262869472,12.572737314774233
TCCACTTTATCTAGGT-1,-1.9013549505380887,20.341820012371976
TCCAGAGCACCGGTTC-1,8.977335669903443,4.522004486532891
TCCAGGCGAGTACGGT-1,-17.510991679974772,16.623304435753433
TCCCAGCTTTAGTCTG-1,-12.499369264565477,-6.848318617965457
TCCCAGGCTTAGCTAA-1,-10.684038676982157,0.9811084957321653
TCCCGGGTGTGCTGCT-1,8.649649018342629,11.409786531852449
TCCCGTGTGCAATTTG-1,21.787435488617632,-13.567553057346492
TCCCTGGCTCGCTGGA-1,-15.823194189871748,13.797047644609624
TCCGATTACATTGCCG-1,-9.400969661838683,-11.478979066869629
TCCGCCTGTCTACAAG-1,-7.917289948087595,-18.98159203800229
TCCGCGGCAGCATCTG-1,13.84982467951164,5.016608033784153
TCCGCGGCCCAATGAA-1,-18.003943591861404,12.341555670866004
TCCGCTGTCATCCCGG-1,20.858938483020516,-14.068483010351354
TCCGCTTATCCCATTA-1,-23.40625254631782,12.915338719586119
TCCGGTTCGTCCGGTC-1,6.760793695665399,1.7371668683799841
TCCGTTAAGCTAATAT-1,-15.984341529081652,15.545763013808799
TCCTAAATTGGGAAGC-1,-25.367964438383606,0.4948086794507558
TCCTACATCCACGGCC-1,18.54167375075664,4.786471735061823
TCCTAGCAAAGAAGCT-1,14.649061462315784,-24.536415355753704
TCCTCCTAAGACATTC-1,-21.520842380054216,1.0752661968218584
TCCTCGGGCTGGGCTT-1,20.1239632398248,-21.746291030310655
TCCTGCGTTGATACTC-1,13.92778830290803,5.615841727707388
TCCTTACGACGGTCCG-1,-25.74228865857096,0.32648359961224876
TCCTTTAAATCCGCTT-1,-10.329425296405942,-14.501804859876014
TCGAAATTTAGGACCA-1,-17.33464847555629,11.071225141195066
TCGAAGAACCGAGCAC-1,-24.60076131559908,4.256718766655736
TCGAATATCCCGCAGG-1,-16.4136767043224,9.119474677467894
TCGAGACCAACACCGT-1,-13.55403843368886,-12.929157010070604
TCGAGCCAGGCAGGCC-1,-3.704791411879809,-9.560550784213024
TCGCAAAGATGCATTT-1,29.559087171374248,-6.57010766245086
TCGCACCAGGAGGCAG-1,22.593458351223966,-15.738049397075843
TCGCCGAAGTTGCGTC-1,17.820586262935816,5.707509420058396
TCGGACGCCCAGCCCA-1,23.02720267932461,0.2727356525738487
TCGGAGAGTATCGGGA-1,-10.432688288532459,-1.110096348646858
TCGGAGTACATGAGTA-1,21.157327294064576,4.7472747874320795
TCGGGAGACAGCGTAC-1,-30.86910907462582,10.250635525608384
TCGGGCCGTCGTGGTA-1,10.730430291015947,3.0556079022170444
TCGTATTACCCATTGC-1,-10.67840631535056,-6.917973497320285
TCGTCAAGTACGCGCA-1,0.14669235693150184,19.21533146523245
TCGTCTTAGGCGTTAA-1,22.318442820620575,-5.748675570293908
TCGTGTACTATGGATG-1,-15.06352910401149,14.792326554274018
TCGTGTCACGCTGACA-1,-14.112582293730208,14.2289782072804
TCGTTAGGAGTCCCTA-1,2.168727018657073,21.456942174543485
TCGTTGCTATCCGGTC-1,22.545848975428125,-8.932460112067842
TCTAGCAATCTCCGCC-1,4.543694574109748,12.752058040298463
TCTAGCATGCCCAGAA-1,-23.500489691649246,0.1786632408191501
TCTAGTGATATCGTGG-1,-20.976844497024825,2.426828492029768
TCTAGTTATCAGAAGA-1,-2.0479818357113215,-19.280429021421973
TCTCATGAGATAGGGT-1,-0.2695386295714516,21.849592793535177
TCTCCCTGGGCAGCGT-1,19.538187814677393,4.977327929498708
TCTGAACTCGTACCCG-1,-21.78147303723469,-3.1004817991673006
TCTGAAGCACGTGGTC-1,4.97565605929531,20.314601093299526
TCTGAATTCCGTACAA-1,-10.312625769671962,-0.9333965424070271
TCTGATGTATTCTGTC-1,18.941076958209628,-8.109179348779449
TCTGCCAGAAACTGCA-1,19.058824779585137,-21.426132040299827
TCTGGGAACCTTTGAA-1,-16.709378364672705,-8.22254783399575
TCTGGGTAGCGCTCAT-1,23.883209684535743,-13.098916175119667
TCTGTGCCATCATAGT-1,7.182531049365143,2.215889119965282
TCTGTTACCCAGCATA-1,-1.139046959741572,-13.688959557368184
TCTTACTTATGCCTCT-1,-13.055317347945062,3.512928462104571
TCTTAGAGTGAACTCT-1,-24.910054359522753,1.5570279185404916
TCTTCCCATGGGCACA-1,-17.701728669912647,15.333580097688069
TCTTCGAATAGACGTT-1,25.37753133534264,-4.8076515474905275
TCTTCGATACCAATAA-1,-3.1654015144186527,21.917051731459125
TCTTGATGCGTAGCGA-1,8.560267990756484,1.6612397241604127
TCTTTAAGACTATGAA-1,-21.347787355742206,6.873522578919495
TGAAAGGACCTGACTC-1,28.93480768555233,-3.4967113451694405
TGACCCACGTTAGACA-1,12.652560578457487,5.187859138094852
TGACGAATATTTCCCT-1,-10.76985885382522,-12.339454390865013
TGACGATGCACTAGAA-1,-9.213182743163673,-4.546741641651984
TGACTATAATCCTTTC-1,0.9877131497375408,-13.666328711374916
TGAGAGATTTACCACG-1,1.8659624988975634,13.88406430753387
TGAGCCATACAGTCTC-1,19.273168235474998,-9.7880286178358
TGAGCGGAAAGTGTTC-1,-30.34551306534509,12.534286096381322
TGAGGAGTGCCAGCTT-1,-24.729758902008555,8.195086366407704
TGAGTAAATTAGCGTA-1,-6.3325017979840155,-14.726347371990004
TGAGTGCCTCTTAAAT-1,19.453468138411584,-9.3628638468038
TGAGTGGTCCGTGACG-1,-16.009827520422274,-7.707133529521608
TGATACATTTAGCCGT-1,23.149601541400603,-3.5905547283380255
TGATCAGGGAACTGCT-1,1.084703240551788,-8.845935817087215
TGATTCGTCTATCACT-1,7.322184849992293,13.044384231098155
TGATTCTGTCGCCGGT-1,18.458231636709066,-14.734493650074155
TGATTTATTAGCTGTG-1,26.43726365964342,-7.332511621580776
TGCAGAACTATATCGT-1,-9.047064750434915,-5.799022274182414
TGCAGAGTACCGAGCA-1,27.175920387144668,-7.059471438993637
TGCAGTTTCCTCCCAT-1,0.37868205078328576,21.734641627746388
TGCATATGTCTGTCAC-1,22.646215446357704,2.574520384077086
TGCATGTGGTAATCTA-1,-19.31591874912156,13.101003730594007
TGCCAAAGTCAGACTT-1,-19.993190922969262,6.681023101004094
TGCCAATGGGTACTCT-1,12.679166720687945,9.050457767637104
TGCCAGTACGTGGAGA-1,0.8016505274116178,-14.245640744441431
TGCCCGTACCGTTAAA-1,26.374685527879198,-10.234955441597773
TGCCGTGGATCGTCCT-1,-30.920559437521288,13.101807262619419
TGCCTTGGCCAGGCAA-1,19.349835066363973,-8.656544698035821
TGCGACACCCTAGTGC-1,19.80453092583594,-19.68786687404329
TGCGAGAATATTACCC-1,9.936027990548189,1.6816719182593522
TGCGCAAAGCATTTGG-1,-1.7775158479172595,16.826650405333094
TGCGTAAGAACCTGAT-1,15.331439376460178,-24.16306237163011
TGCGTTTGTTGACACT-1,21.733191087648972,-18.409574911541817
TGCTAAGTGTCTATTT-1,2.637137393991511,-10.079001921796491
TGCTCCACAGTTCTTA-1,-11.510198612484967,-2.516104246489277
TGCTCGGCGAAACCCA-1,-27.343289729279057,10.380923122784912
TGCTGTTGAAGAACTC-1,10.32384496291412,14.951178907459928
TGGAAGAAGGGAACGT-1,19.64209922666146,-16.116238020752093
TGGACTGTTCGCTCAA-1,20.244859669458265,-19.801579689933344
TGGAGTGATGCGATGA-1,-17.374127933246857,17.321610796909212
TGGCAAACTAAATTAC-1,20.425164167602414,-10.535009415832798
TGGCAGATTACGATCA-1,-14.106354850739868,-10.890775402945456
TGGCAGCAGTAATAGT-1,-19.637311105455854,-6.412377818010829
TGGCGACTGCTCCAAA-1,29.81182973758657,-6.12735912260276
TGGCGATCAAGTTATG-1,3.375697894844081,19.529461359233874
TGGGCCCATACTAATT-1,0.8787336823650449,-14.933738105693584
TGGTAGAATATATGGG-1,-24.49542092092352,10.44099907104014
TGGTCCCACGCTACGG-1,-1.4897134382855761,13.855117578403803
TGGTCTGTTGGGCGTA-1,5.100868086900712,19.65045415779769
TGGTTCAACGGGTAAT-1,8.663664798335127,3.013197741758879
TGTACGAACAAATCCG-1,-18.915961998704418,-5.676469867782828
TGTAGGAGAAATTTCC-1,10.183867824771415,1.5810492094396977
TGTAGTGATCTATAAT-1,9.953888821098266,3.9347437663010285
TGTATAACAGATCCTG-1,-17.63272730390727,10.128956989378766
TGTATGGCGCAGACAG-1,-8.268091975192505,-16.879757150258992
TGTCCTAAGTCACCGC-1,0.8516370976641252,-9.289033174549626
TGTGAGACTAGCCCAA-1,-26.634703097785003,12.50970422712384
TGTGCCGGTGCCGGAA-1,-20.05848260351095,-2.803469107444322
TGTTATTGTATGTGGC-1,6.61393071181743,-0.35667582470406267
TGTTCCGCTTCCATGA-1,18.985550545628108,-19.11224948302242
TGTTCGTATTGCGGTG-1,-24.017690234825118,9.498746548718028
TGTTCTTCCATTGACT-1,27.81737622372892,-6.194378588713457
TTAAACTCGAATTCAT-1,-17.19681188773268,19.84004462736472
TTAACTTCAGGTAGGA-1,-1.6301931605754083,-15.545382527707746
TTAAGATAGGATTGAC-1,-16.308975215579345,17.721111914097754
TTAAGCGCCTGACCCA-1,-10.148215403133905,-7.071441042809571
TTAATGTAGACCAGGT-1,-10.065757983115418,0.7760993204199682
TTACCATTGATTACCC-1,-8.775065086914994,-14.772756662866021
TTACCCTAGGGATTGG-1,-26.848031704306795,13.104827999822962
TTACGGATGGTTCGAG-1,-10.458415149850396,-10.213397325913371
TTACTAAAGGACTTTA-1,21.321418558940547,-16.992886983364084
TTACTCCGGCCGGGAA-1,26.98444428833987,-7.853754368101171
TTACTCTGGTACGTAC-1,11.111830947068535,5.340866058886829
TTACTGGGATATTTCA-1,-0.18849943215373313,-13.371348579482994
TTAGAAGAACATGACT-1,-24.005144455287116,12.818852034637747
TTAGAATAAGGGTCGG-1,-17.271594241005065,-8.016103035321924
TTAGACGAGTCACCTC-1,14.081440529512793,-21.980548171745408
TTAGAGTTTAGAAGGA-1,7.680792099471928,12.297083210928221
TTAGCTGATTTGCCGT-1,-8.38812014420961,-6.587423809500857
TTAGGTCATAACCGAC-1,-2.604220859331592,-14.23933078621522
TTAGTAGGGCGGCGGG-1,-17.599349330523975,9.207070437985685
TTAGTTATTCGTGGCA-1,-11.067311218345859,-2.3962964066921093
TTATATACGCTGTCAC-1,17.954259717584243,-20.307309862851195
TTATCCGGGATCTATA-1,12.62587234738588,9.657240600275601
TTATGAATGAAAGGGA-1,-9.998655317267463,-17.753306137415013
TTATGATCTTAACGAA-1,23.067342472624798,-17.028897114708705
TTATTAGAGCGTGTTC-1,3.4031952582043106,19.356255242777742
TTCAAAGTCTCTAGCC-1,20.735175760216716,-21.00219709831016
TTCAATACTCTGAATC-1,28.59232078783527,-2.2402845864615273
TTCACGAAAGGATCAC-1,-5.095239627784556,-14.405656351387071
TTCACTCGAGCACCTA-1,-27.865621626593263,9.459275434603866
TTCAGCCCTGGTCCAC-1,11.161099421205648,3.115158200858715
TTCAGCTGGCGTGCCC-1,-14.318711786918275,12.812834520163511
TTCCAATCTGGCTATC-1,13.918270440264385,-22.478583547985192
TTCCACACAGATTTGA-1,14.462851128098482,-21.971597350740954
TTCCGCGTGAGGCGAT-1,-18.50747359224286,2.1636345093993548
TTCCGGCCTTGAGGCT-1,19.697690464411778,-6.8594321980014135
TTCCGGTTACCCACTT-1,-0.6348081111205051,20.985810903907286
TTCCTCGGACTAACCA-1,18.85467984114996,4.05655693076397
TTCGACAGAGCCCGTG-1,-15.524781437008905,2.4053398144326237
TTCGCACTGTACGACA-1,-29.14762230889579,12.492691876711667
TTCGCGCGCCATACGA-1,-0.4464112809522127,18.50519437687315
TTCGGGACTAATCGCG-1,21.748041654102504,-14.767733430294866
TTCGGGCGCTAGTCTT-1,-1.5452893525862266,13.716858066407669
TTCTAACCGAAGCTTA-1,0.5387496941867617,12.589757078113678
TTCTAGAAAGTCTTAT-1,-4.156432172963973,-18.974600760852084
TTCTGACCGGGCTCAA-1,21.569330994144508,-4.67320124196075
TTCTGCCGCGCCTAGA-1,-6.74078840552668,-12.941683690676083
TTCTGCGGGTTAGCGG-1,20.513373296579598,-16.086105194405754
TTCTTATCCGCTGGGT-1,-21.76994507837751,10.91173492384903
TTCTTGAGCCGCGCTA-1,22.244481026253563,-5.044918813205292
TTCTTGGACGATCTGC-1,-10.12402780707756,-2.4817647256751143
TTGAAGAATTCCCAGG-1,5.561792237377714,13.70271955795103
TTGAATATGGACTTTC-1,21.025301855564944,-13.638903205779744
TTGAATTCACGTGAGG-1,-8.73152172038531,-4.749050615212475
TTGACAGGAGCTCCCG-1,-23.550069934079918,5.064186041720266
TTGACATGAACGTGGA-1,6.259867753580793,3.016289700645
TTGACCGTGTTAATGA-1,0.2744742438778812,-16.19891048219098
TTGACGCTCCATGAGC-1,-22.86698439436497,5.2983902952548405
TTGACTACCATATGGT-1,20.516106532674634,-19.369020121885303
TTGAGAAGTTTAGCAT-1,5.038984844201827,16.056861161366793
TTGAGAGTACTGCTAA-1,30.064523798502737,-2.6460692065785634
TTGATCTAACTTTGTC-1,-18.968903515863317,16.94837546671957
TTGATTAGCTGTTTCT-1,1.5359870517705927,21.897092438575417
TTGCACAATTCAGAAA-1,-12.963920990752293,-11.83179191894925
TTGCATGCTGATCACG-1,21.447541503062226,-8.214913041048007
TTGCCCTGATCACGGG-1,29.47846960541718,-2.533275793534532
TTGCGGCATCAGAAAG-1,24.525798267676016,-12.489798251217646
TTGCGTCGGCCAACCG-1,18.064631755573004,4.186575472942261
TTGCTGATCATGTTCG-1,-13.51214889417758,3.653026169401198
TTGGAAGAATACAGTC-1,-20.905847329669957,4.383415084209766
TTGGACATGTGGCTTA-1,13.749328472733305,5.947323491091555
TTGGACCTATAACAGT-1,5.04700388006417,15.793347752360983
TTGGATATCGTCTACG-1,11.574929558447204,4.66026920816354
TTGGGCGGCGGTTGCC-1,-4.152203419103973,-8.803549495775965
TTGGTCACACTCGTAA-1,19.62391546102429,-12.649956194576644
TTGTAAGGACCTAAGT-1,1.3722480428350274,19.87260967405998
TTGTAATCCGTACTCG-1,-5.792551296634365,-19.334962863413512
TTGTGAACCTAATCCG-1,-9.905281214888461,-12.483393791386428
TTGTGCAGCCACGTCA-1,-31.84097739752402,10.923772835054935
TTGTGGTAGGAGGGAT-1,-11.0012203099231,-0.47366666738958896
TTGTGTATGCCACCAA-1,-25.051244612161742,9.319927645198778
TTGTGTTTCCCGAAAG-1,-12.505075062526018,0.3493952576296238
TTGTTGTGTGTCAAGA-1,0.9142777796858481,19.508193769168802
TTGTTTCACATCCAGG-1,4.041626189984047,19.946481671451174
TTGTTTCCATACAACT-1,4.782433968022394,12.498123247345305
